date_id,channel,spend,clicks
20170101,Facebook,2779.24,5733
20170102,Facebook,3016.15,5924
20170103,Facebook,2723.02,6491
20170104,Facebook,3071.54,6319
20170105,Facebook,2825.04,6747
20170106,Facebook,3202.3,6810
20170107,Facebook,2405.69,4216
20170108,Facebook,3066.34,6326
20170109,Facebook,3022.8,6273
20170110,Facebook,2962.64,6151
20170111,Facebook,3313.22,7080
20170112,Facebook,2948.22,5689
20170113,Facebook,3457.19,7136
20170114,Facebook,2266.52,4479
20170115,Facebook,3127.02,6245
20170116,Facebook,3193.96,6873
20170117,Facebook,2592.26,4869
20170118,Facebook,3070.04,5846
20170119,Facebook,3463.97,6313
20170120,Facebook,2875.6,5421
20170121,Facebook,1970.35,4567
20170122,Facebook,2912.35,6765
20170123,Facebook,3190.76,5461
20170124,Facebook,3242.99,7600
20170125,Facebook,2660.9,5764
20170126,Facebook,2883.89,5784
20170127,Facebook,2978.07,6035
20170128,Facebook,2354.04,4170
20170129,Facebook,3020.95,5822
20170130,Facebook,2989.17,6215
20170131,Facebook,2781.21,5409
20170201,Facebook,2953.31,5912
20170202,Facebook,3600.0,6561
20170203,Facebook,2983.32,4901
20170204,Facebook,2117.88,4725
20170205,Facebook,2833.07,6253
20170206,Facebook,3503.66,8398
20170207,Facebook,3332.33,6334
20170208,Facebook,3033.63,6664
20170209,Facebook,3267.51,6434
20170210,Facebook,2732.16,5879
20170211,Facebook,2096.56,4537
20170212,Facebook,3192.13,6737
20170213,Facebook,3174.58,6608
20170214,Facebook,2926.0,5486
20170215,Facebook,2964.43,5770
20170216,Facebook,2837.43,5334
20170217,Facebook,2728.83,5440
20170218,Facebook,2350.65,4483
20170219,Facebook,3086.88,5839
20170220,Facebook,3263.24,7799
20170221,Facebook,2633.17,4704
20170222,Facebook,3086.11,7117
20170223,Facebook,3131.42,5219
20170224,Facebook,3181.1,5665
20170225,Facebook,2550.53,5200
20170226,Facebook,3600.0,8515
20170227,Facebook,2946.16,6239
20170228,Facebook,2913.19,6566
20170301,Facebook,3336.24,6546
20170302,Facebook,2973.18,6208
20170303,Facebook,2601.81,4806
20170304,Facebook,2509.99,5506
20170305,Facebook,3403.3,7816
20170306,Facebook,2841.99,5477
20170307,Facebook,2778.28,6607
20170308,Facebook,2797.69,5794
20170309,Facebook,2493.53,5467
20170310,Facebook,2949.42,6514
20170311,Facebook,2652.9,4610
20170312,Facebook,2986.13,4765
20170313,Facebook,3695.99,7357
20170314,Facebook,3028.71,6212
20170315,Facebook,2982.99,6320
20170316,Facebook,3169.27,6264
20170317,Facebook,2895.28,5721
20170318,Facebook,1920.0,3525
20170319,Facebook,3284.68,6718
20170320,Facebook,3960.0,6915
20170321,Facebook,3600.0,7464
20170322,Facebook,3600.0,7235
20170323,Facebook,2909.89,5955
20170324,Facebook,3238.24,6837
20170325,Facebook,2168.2,5627
20170326,Facebook,2827.78,5321
20170327,Facebook,3085.19,5297
20170328,Facebook,3291.56,6733
20170329,Facebook,2954.79,6069
20170330,Facebook,2629.26,5719
20170331,Facebook,2775.61,5470
20170401,Facebook,1978.9,4123
20170402,Facebook,2560.19,5099
20170403,Facebook,3688.31,7173
20170404,Facebook,2826.16,5527
20170405,Facebook,2844.67,5807
20170406,Facebook,3383.27,6249
20170407,Facebook,3129.57,6771
20170408,Facebook,2285.84,5034
20170409,Facebook,2400.0,4835
20170410,Facebook,3165.39,5859
20170411,Facebook,2597.09,6114
20170412,Facebook,3077.05,5685
20170413,Facebook,2815.52,7097
20170414,Facebook,3054.54,5707
20170415,Facebook,2195.84,4539
20170416,Facebook,2668.15,5549
20170417,Facebook,3291.19,6097
20170418,Facebook,2845.83,5972
20170419,Facebook,2640.89,5944
20170420,Facebook,3255.2,6219
20170421,Facebook,3292.99,7028
20170422,Facebook,2391.49,5139
20170423,Facebook,2845.27,6513
20170424,Facebook,2970.27,5551
20170425,Facebook,3009.91,6132
20170426,Facebook,2951.12,6270
20170427,Facebook,3483.54,7103
20170428,Facebook,3230.01,6634
20170429,Facebook,2017.13,3908
20170430,Facebook,2719.8,4945
20170501,Facebook,3472.59,7088
20170502,Facebook,2600.33,5503
20170503,Facebook,3397.92,7140
20170504,Facebook,2697.55,5024
20170505,Facebook,2442.42,4454
20170506,Facebook,2598.34,4874
20170507,Facebook,3090.34,5473
20170508,Facebook,3708.54,7996
20170509,Facebook,3070.27,7079
20170510,Facebook,2642.58,6402
20170511,Facebook,2817.71,5964
20170512,Facebook,2939.31,6088
20170513,Facebook,2480.45,5045
20170514,Facebook,2940.97,6794
20170515,Facebook,3352.08,6981
20170516,Facebook,3428.33,6314
20170517,Facebook,3522.18,6242
20170518,Facebook,2597.02,6025
20170519,Facebook,3260.86,6100
20170520,Facebook,2240.97,4829
20170521,Facebook,3544.66,7987
20170522,Facebook,3226.32,6686
20170523,Facebook,2656.31,5049
20170524,Facebook,3141.49,8236
20170525,Facebook,3095.99,5478
20170526,Facebook,3243.25,6139
20170527,Facebook,2471.0,4583
20170528,Facebook,3141.96,6819
20170529,Facebook,3183.89,6144
20170530,Facebook,3133.35,5855
20170531,Facebook,2783.69,5896
20170601,Facebook,2600.14,4777
20170602,Facebook,2763.64,5424
20170603,Facebook,2018.4,3807
20170604,Facebook,3095.01,6909
20170605,Facebook,3082.72,6187
20170606,Facebook,2900.72,6008
20170607,Facebook,2889.42,5300
20170608,Facebook,3264.29,7884
20170609,Facebook,2585.83,5860
20170610,Facebook,2499.19,4673
20170611,Facebook,3087.71,5338
20170612,Facebook,3152.03,6428
20170613,Facebook,3252.51,5946
20170614,Facebook,2695.0,5343
20170615,Facebook,3024.04,5918
20170616,Facebook,3272.58,6147
20170617,Facebook,2109.63,4884
20170618,Facebook,2632.23,5285
20170619,Facebook,3026.38,6003
20170620,Facebook,2841.65,5439
20170621,Facebook,2845.95,6691
20170622,Facebook,2938.29,6417
20170623,Facebook,2748.58,5188
20170624,Facebook,2204.68,3793
20170625,Facebook,2652.06,6781
20170626,Facebook,3148.12,6889
20170627,Facebook,2807.71,5997
20170628,Facebook,3272.41,5266
20170629,Facebook,3218.2,5641
20170630,Facebook,2533.05,5279
20170701,Facebook,2332.39,5027
20170702,Facebook,2991.89,5976
20170703,Facebook,3648.48,7766
20170704,Facebook,3369.55,6363
20170705,Facebook,3336.49,5989
20170706,Facebook,2728.91,5781
20170707,Facebook,2555.36,5076
20170708,Facebook,2183.14,5223
20170709,Facebook,2590.04,4609
20170710,Facebook,3459.29,6927
20170711,Facebook,3155.59,7716
20170712,Facebook,2690.46,6253
20170713,Facebook,2663.54,5516
20170714,Facebook,2745.87,6596
20170715,Facebook,2599.95,6379
20170716,Facebook,2400.0,4897
20170717,Facebook,3493.34,6212
20170718,Facebook,3212.01,6685
20170719,Facebook,3215.92,6872
20170720,Facebook,3186.97,5482
20170721,Facebook,3218.08,6427
20170722,Facebook,2289.33,4834
20170723,Facebook,2752.97,6617
20170724,Facebook,2681.41,4881
20170725,Facebook,2811.72,6001
20170726,Facebook,3034.53,6338
20170727,Facebook,3029.75,7950
20170728,Facebook,3245.04,6676
20170729,Facebook,2344.5,4431
20170730,Facebook,3132.67,7461
20170731,Facebook,3619.62,8922
20170801,Facebook,3017.34,6746
20170802,Facebook,2910.49,5356
20170803,Facebook,2559.5,4465
20170804,Facebook,2698.85,5920
20170805,Facebook,2640.4,4902
20170806,Facebook,3055.63,6062
20170807,Facebook,2725.93,5064
20170808,Facebook,3054.03,6872
20170809,Facebook,2782.61,5922
20170810,Facebook,3255.22,6531
20170811,Facebook,2821.33,5974
20170812,Facebook,2383.87,5270
20170813,Facebook,3419.32,7114
20170814,Facebook,3559.97,6850
20170815,Facebook,3097.22,5846
20170816,Facebook,3470.97,7478
20170817,Facebook,3368.65,7514
20170818,Facebook,2757.76,5751
20170819,Facebook,2381.89,4327
20170820,Facebook,3106.35,5925
20170821,Facebook,3698.94,7409
20170822,Facebook,2928.7,6463
20170823,Facebook,2542.25,5399
20170824,Facebook,3176.23,5939
20170825,Facebook,2927.8,5713
20170826,Facebook,2757.77,6151
20170827,Facebook,2400.0,5368
20170828,Facebook,3960.0,8196
20170829,Facebook,2795.87,5430
20170830,Facebook,2400.0,5401
20170831,Facebook,3026.99,5663
20170901,Facebook,3294.17,6399
20170902,Facebook,2340.98,4418
20170903,Facebook,3298.37,7969
20170904,Facebook,3129.21,6363
20170905,Facebook,3371.99,6043
20170906,Facebook,2908.51,5615
20170907,Facebook,3122.61,6312
20170908,Facebook,3511.25,7870
20170909,Facebook,2515.38,5031
20170910,Facebook,2874.02,5520
20170911,Facebook,3082.55,6320
20170912,Facebook,3140.9,6330
20170913,Facebook,2677.62,5336
20170914,Facebook,2943.34,6473
20170915,Facebook,2855.74,5529
20170916,Facebook,1984.02,4207
20170917,Facebook,3105.77,6171
20170918,Facebook,3648.99,6982
20170919,Facebook,2910.2,5423
20170920,Facebook,2556.2,4786
20170921,Facebook,3137.31,5388
20170922,Facebook,2404.15,4129
20170923,Facebook,2248.03,4569
20170924,Facebook,2980.38,5470
20170925,Facebook,3120.55,6150
20170926,Facebook,2513.49,4499
20170927,Facebook,3126.41,5921
20170928,Facebook,3025.06,5246
20170929,Facebook,2940.6,5811
20170930,Facebook,2691.9,4749
20171001,Facebook,2890.79,7285
20171002,Facebook,3473.75,6828
20171003,Facebook,2400.0,4733
20171004,Facebook,3152.32,6596
20171005,Facebook,2729.78,6081
20171006,Facebook,3229.42,6731
20171007,Facebook,2141.85,4675
20171008,Facebook,3270.09,6741
20171009,Facebook,3266.62,6006
20171010,Facebook,3286.01,7231
20171011,Facebook,3426.23,6320
20171012,Facebook,3119.59,6812
20171013,Facebook,2695.07,5418
20171014,Facebook,2506.68,5151
20171015,Facebook,2734.52,5088
20171016,Facebook,3406.83,6321
20171017,Facebook,2759.74,5662
20171018,Facebook,2680.43,4600
20171019,Facebook,2743.16,5863
20171020,Facebook,3116.59,5314
20171021,Facebook,2375.16,4664
20171022,Facebook,3173.93,6526
20171023,Facebook,3129.14,6569
20171024,Facebook,3407.65,7287
20171025,Facebook,2555.78,6047
20171026,Facebook,2970.7,6330
20171027,Facebook,2665.39,4668
20171028,Facebook,2462.87,5075
20171029,Facebook,3425.23,7063
20171030,Facebook,3355.41,7013
20171031,Facebook,3288.44,5334
20171101,Facebook,3152.72,6520
20171102,Facebook,3043.41,5389
20171103,Facebook,3283.44,6569
20171104,Facebook,2438.72,4688
20171105,Facebook,3004.01,6258
20171106,Facebook,3212.57,6432
20171107,Facebook,3172.52,7703
20171108,Facebook,2594.7,5080
20171109,Facebook,3310.2,6252
20171110,Facebook,2400.0,5332
20171111,Facebook,2374.25,5070
20171112,Facebook,3181.43,6965
20171113,Facebook,3073.61,5268
20171114,Facebook,3086.0,5877
20171115,Facebook,2792.48,5536
20171116,Facebook,2842.67,6563
20171117,Facebook,3342.46,5838
20171118,Facebook,2545.92,4428
20171119,Facebook,2814.63,4688
20171120,Facebook,12059.54,23777
20171121,Facebook,12781.96,25767
20171122,Facebook,10999.3,21638
20171123,Facebook,12477.48,26839
20171124,Facebook,12085.16,23428
20171125,Facebook,9000.42,19774
20171126,Facebook,12823.53,26204
20171127,Facebook,3960.0,7855
20171128,Facebook,2400.0,4315
20171129,Facebook,2757.54,6044
20171130,Facebook,2865.81,6772
20171201,Facebook,5035.24,11898
20171202,Facebook,4881.43,11313
20171203,Facebook,5309.03,9592
20171204,Facebook,6199.32,12457
20171205,Facebook,5621.08,10383
20171206,Facebook,6098.12,11847
20171207,Facebook,4722.56,7496
20171208,Facebook,5211.34,10288
20171209,Facebook,3806.56,6966
20171210,Facebook,4320.0,8690
20171211,Facebook,4752.84,9366
20171212,Facebook,4944.32,9871
20171213,Facebook,5066.92,12282
20171214,Facebook,6196.31,11305
20171215,Facebook,5502.67,11464
20171216,Facebook,4241.48,7693
20171217,Facebook,4771.89,11449
20171218,Facebook,5216.71,10339
20171219,Facebook,5690.4,10407
20171220,Facebook,6315.01,12663
20171221,Facebook,2706.97,4885
20171222,Facebook,2994.31,6273
20171223,Facebook,2416.06,4406
20171224,Facebook,2797.44,5751
20171225,Facebook,3811.54,9443
20171226,Facebook,3600.0,7987
20171227,Facebook,3405.63,6921
20171228,Facebook,3489.62,7802
20171229,Facebook,3219.99,7246
20171230,Facebook,2029.17,4578
20171231,Facebook,2874.6,5126
20180101,Facebook,3225.81,6370
20180102,Facebook,3015.22,5344
20180103,Facebook,3375.46,9375
20180104,Facebook,2850.03,4960
20180105,Facebook,3600.0,7038
20180106,Facebook,2389.07,4764
20180107,Facebook,3135.92,6907
20180108,Facebook,3914.29,7579
20180109,Facebook,3274.6,6560
20180110,Facebook,2796.74,4916
20180111,Facebook,2946.3,5832
20180112,Facebook,3009.1,4851
20180113,Facebook,1920.0,3908
20180114,Facebook,2979.77,6108
20180115,Facebook,3150.42,5855
20180116,Facebook,2950.52,5791
20180117,Facebook,3107.6,6901
20180118,Facebook,3510.05,7263
20180119,Facebook,3500.84,8190
20180120,Facebook,2534.0,4688
20180121,Facebook,2760.88,4714
20180122,Facebook,3126.09,6970
20180123,Facebook,3258.78,7919
20180124,Facebook,2819.57,5200
20180125,Facebook,2885.43,5305
20180126,Facebook,2540.38,6391
20180127,Facebook,2664.9,4834
20180128,Facebook,3067.84,6156
20180129,Facebook,3642.12,6928
20180130,Facebook,3248.85,6798
20180131,Facebook,3155.84,5739
20180201,Facebook,3168.0,6399
20180202,Facebook,3314.95,6458
20180203,Facebook,2026.81,4262
20180204,Facebook,2746.95,5125
20180205,Facebook,3403.06,7683
20180206,Facebook,3600.0,6868
20180207,Facebook,2903.21,5726
20180208,Facebook,3076.81,5093
20180209,Facebook,2745.62,6480
20180210,Facebook,2499.64,5953
20180211,Facebook,2994.77,6196
20180212,Facebook,3275.12,7140
20180213,Facebook,3354.84,6215
20180214,Facebook,3378.47,7646
20180215,Facebook,3050.76,6549
20180216,Facebook,2427.17,4765
20180217,Facebook,2765.9,6411
20180218,Facebook,3335.46,5972
20180219,Facebook,3178.95,6457
20180220,Facebook,3130.16,7045
20180221,Facebook,3414.0,7516
20180222,Facebook,2624.58,5415
20180223,Facebook,2737.5,6315
20180224,Facebook,1920.0,4317
20180225,Facebook,3049.19,5065
20180226,Facebook,2922.83,6908
20180227,Facebook,2471.49,5285
20180228,Facebook,2624.31,5453
20180301,Facebook,3227.12,4863
20180302,Facebook,3491.57,6718
20180303,Facebook,2402.96,4232
20180304,Facebook,3294.96,8310
20180305,Facebook,3521.73,5909
20180306,Facebook,2765.21,6386
20180307,Facebook,3466.34,7544
20180308,Facebook,3145.86,5992
20180309,Facebook,3495.93,7307
20180310,Facebook,2380.82,5194
20180311,Facebook,3275.41,8012
20180312,Facebook,2812.83,5686
20180313,Facebook,3062.71,5971
20180314,Facebook,2956.18,6250
20180315,Facebook,3342.55,7968
20180316,Facebook,3492.06,7662
20180317,Facebook,2802.41,5192
20180318,Facebook,3138.83,6108
20180319,Facebook,3488.49,6870
20180320,Facebook,2881.98,4818
20180321,Facebook,3019.61,5823
20180322,Facebook,2958.41,5203
20180323,Facebook,2865.81,6234
20180324,Facebook,2531.82,5352
20180325,Facebook,2954.98,5737
20180326,Facebook,3836.55,7218
20180327,Facebook,2912.37,5768
20180328,Facebook,3016.09,6086
20180329,Facebook,3072.64,7271
20180330,Facebook,3552.1,7483
20180331,Facebook,2374.55,4357
20180401,Facebook,2945.51,6391
20180402,Facebook,2744.57,5957
20180403,Facebook,2992.86,6205
20180404,Facebook,3205.12,7322
20180405,Facebook,2970.86,6034
20180406,Facebook,3094.37,6407
20180407,Facebook,2460.13,4989
20180408,Facebook,2679.88,5320
20180409,Facebook,3249.37,6533
20180410,Facebook,3400.45,7481
20180411,Facebook,2946.47,5877
20180412,Facebook,2995.09,6570
20180413,Facebook,2559.68,5292
20180414,Facebook,1920.0,3961
20180415,Facebook,3374.96,6019
20180416,Facebook,2992.78,6528
20180417,Facebook,2865.47,6064
20180418,Facebook,3307.25,6723
20180419,Facebook,3304.26,6671
20180420,Facebook,3570.27,8187
20180421,Facebook,2555.56,5417
20180422,Facebook,3160.21,6644
20180423,Facebook,3567.54,7692
20180424,Facebook,3217.95,6546
20180425,Facebook,2609.57,5419
20180426,Facebook,2400.0,5544
20180427,Facebook,2988.94,6632
20180428,Facebook,2563.6,5044
20180429,Facebook,2831.68,5768
20180430,Facebook,3302.37,6472
20180501,Facebook,2976.52,5671
20180502,Facebook,2505.66,4567
20180503,Facebook,3258.84,7141
20180504,Facebook,3336.04,6766
20180505,Facebook,2369.3,3881
20180506,Facebook,3448.15,6381
20180507,Facebook,2954.96,6408
20180508,Facebook,3359.93,7067
20180509,Facebook,3265.77,6635
20180510,Facebook,3533.75,7698
20180511,Facebook,2791.82,6984
20180512,Facebook,2298.69,4605
20180513,Facebook,3011.32,6468
20180514,Facebook,3585.34,7114
20180515,Facebook,3259.28,6488
20180516,Facebook,3173.29,5259
20180517,Facebook,2863.48,5554
20180518,Facebook,2889.91,7012
20180519,Facebook,2067.21,3919
20180520,Facebook,3027.15,5374
20180521,Facebook,3628.75,6524
20180522,Facebook,2515.58,7089
20180523,Facebook,3211.46,6774
20180524,Facebook,3339.62,7070
20180525,Facebook,3332.04,7191
20180526,Facebook,2349.53,3942
20180527,Facebook,2545.45,5167
20180528,Facebook,3305.53,5946
20180529,Facebook,2756.5,5717
20180530,Facebook,2984.61,5490
20180531,Facebook,3396.61,5554
20180601,Facebook,3135.25,6389
20180602,Facebook,2272.27,4280
20180603,Facebook,3167.33,6775
20180604,Facebook,3271.59,6116
20180605,Facebook,2943.78,5670
20180606,Facebook,3091.01,5578
20180607,Facebook,3169.32,5816
20180608,Facebook,2838.57,5869
20180609,Facebook,2499.52,4314
20180610,Facebook,2637.67,5349
20180611,Facebook,2833.61,5433
20180612,Facebook,3378.86,6843
20180613,Facebook,2825.68,6336
20180614,Facebook,2809.69,5958
20180615,Facebook,2682.88,4249
20180616,Facebook,2733.31,5515
20180617,Facebook,3334.47,6749
20180618,Facebook,3047.47,5550
20180619,Facebook,2589.39,4950
20180620,Facebook,3349.45,6342
20180621,Facebook,3027.35,5738
20180622,Facebook,2866.52,4668
20180623,Facebook,2204.28,4365
20180624,Facebook,2649.1,5000
20180625,Facebook,3493.71,8240
20180626,Facebook,3021.94,7495
20180627,Facebook,2454.67,4832
20180628,Facebook,2673.64,6549
20180629,Facebook,2884.93,6017
20180630,Facebook,2133.66,4054
20180701,Facebook,2983.1,6200
20180702,Facebook,2659.25,5376
20180703,Facebook,2708.74,5001
20180704,Facebook,3150.8,5480
20180705,Facebook,3058.44,5507
20180706,Facebook,2777.41,5855
20180707,Facebook,2317.04,4390
20180708,Facebook,2899.47,5252
20180709,Facebook,3309.62,6841
20180710,Facebook,3089.6,5802
20180711,Facebook,3176.03,5701
20180712,Facebook,2899.04,5962
20180713,Facebook,3358.19,8022
20180714,Facebook,2732.24,6711
20180715,Facebook,3148.19,6465
20180716,Facebook,2960.08,6253
20180717,Facebook,2412.09,4611
20180718,Facebook,2917.69,5648
20180719,Facebook,3277.58,5754
20180720,Facebook,3207.44,6329
20180721,Facebook,2312.09,4926
20180722,Facebook,3050.47,5952
20180723,Facebook,3960.0,6531
20180724,Facebook,2529.43,4672
20180725,Facebook,3262.91,8395
20180726,Facebook,3302.06,6405
20180727,Facebook,2730.85,5325
20180728,Facebook,2384.13,4653
20180729,Facebook,3174.61,5687
20180730,Facebook,3147.36,7029
20180731,Facebook,3257.68,7608
20180801,Facebook,2827.88,5386
20180802,Facebook,3167.51,6122
20180803,Facebook,2992.97,6085
20180804,Facebook,2617.28,5610
20180805,Facebook,3234.74,6643
20180806,Facebook,3345.38,6734
20180807,Facebook,3403.77,8231
20180808,Facebook,2854.02,5837
20180809,Facebook,2972.66,6111
20180810,Facebook,3430.0,7484
20180811,Facebook,2337.02,4234
20180812,Facebook,3409.32,6347
20180813,Facebook,3925.59,8634
20180814,Facebook,2949.58,5892
20180815,Facebook,2476.41,5142
20180816,Facebook,2829.87,6074
20180817,Facebook,2400.0,4331
20180818,Facebook,2419.21,4707
20180819,Facebook,2845.31,5039
20180820,Facebook,2988.15,6313
20180821,Facebook,3145.92,5564
20180822,Facebook,3063.43,5804
20180823,Facebook,2680.39,5473
20180824,Facebook,2973.47,5247
20180825,Facebook,2375.62,4583
20180826,Facebook,3382.68,7216
20180827,Facebook,3374.47,6489
20180828,Facebook,2735.57,5441
20180829,Facebook,2841.13,5777
20180830,Facebook,3462.16,7085
20180831,Facebook,2814.16,5547
20170101,Google,5307.0,6445
20170102,Google,6358.89,8184
20170103,Google,4753.06,5758
20170104,Google,5675.58,7459
20170105,Google,4423.71,5206
20170106,Google,4844.2,6317
20170107,Google,5002.58,6423
20170108,Google,6164.66,7331
20170109,Google,5460.78,5914
20170110,Google,5574.35,5799
20170111,Google,4658.78,5720
20170112,Google,5490.93,6645
20170113,Google,5448.95,6029
20170114,Google,4082.88,4826
20170115,Google,4956.11,6036
20170116,Google,5984.63,8413
20170117,Google,4301.19,5564
20170118,Google,5509.24,7699
20170119,Google,5620.11,7391
20170120,Google,5101.59,5835
20170121,Google,4741.48,6840
20170122,Google,4694.99,5673
20170123,Google,6429.33,6598
20170124,Google,5229.56,6113
20170125,Google,5845.34,8352
20170126,Google,5326.12,6603
20170127,Google,4720.62,5598
20170128,Google,4137.8,4621
20170129,Google,4818.6,6642
20170130,Google,6432.43,7435
20170131,Google,6188.7,7658
20170201,Google,5155.79,6627
20170202,Google,6014.25,8504
20170203,Google,5015.27,6637
20170204,Google,4373.3,4872
20170205,Google,6121.99,7105
20170206,Google,6496.49,7859
20170207,Google,4504.46,5019
20170208,Google,5830.38,6947
20170209,Google,5737.26,7271
20170210,Google,4297.7,6149
20170211,Google,4794.04,6088
20170212,Google,5429.37,8021
20170213,Google,6930.0,9758
20170214,Google,5208.07,5736
20170215,Google,5211.8,5489
20170216,Google,5280.48,6876
20170217,Google,4613.01,5620
20170218,Google,4133.82,5141
20170219,Google,5311.83,6648
20170220,Google,5975.99,7171
20170221,Google,4224.19,4704
20170222,Google,4200.0,6411
20170223,Google,5126.31,6404
20170224,Google,5184.14,6158
20170225,Google,4294.48,5949
20170226,Google,4951.67,5787
20170227,Google,5737.13,7072
20170228,Google,5536.9,7306
20170301,Google,5297.22,5140
20170302,Google,5486.09,7983
20170303,Google,5085.78,6576
20170304,Google,3671.02,4847
20170305,Google,5428.84,6848
20170306,Google,4885.86,8537
20170307,Google,4581.74,5404
20170308,Google,4993.32,6737
20170309,Google,5332.38,7092
20170310,Google,5214.18,6252
20170311,Google,3681.72,5244
20170312,Google,6300.0,7477
20170313,Google,5150.72,5846
20170314,Google,5087.41,6095
20170315,Google,5725.72,7034
20170316,Google,5328.74,7439
20170317,Google,5156.05,6379
20170318,Google,4620.88,5836
20170319,Google,5245.81,6180
20170320,Google,5114.24,6086
20170321,Google,6293.1,8464
20170322,Google,5265.79,6003
20170323,Google,4697.59,5555
20170324,Google,6144.6,8809
20170325,Google,3869.96,5441
20170326,Google,4932.25,5833
20170327,Google,5189.31,5855
20170328,Google,6016.86,7346
20170329,Google,4475.84,4969
20170330,Google,5562.71,7077
20170331,Google,6188.05,7830
20170401,Google,4259.5,5362
20170402,Google,4976.2,5835
20170403,Google,5761.92,6978
20170404,Google,5551.59,6779
20170405,Google,4726.12,4834
20170406,Google,5434.16,5996
20170407,Google,4842.47,5909
20170408,Google,4171.45,6186
20170409,Google,4985.89,6174
20170410,Google,6211.21,7513
20170411,Google,6193.66,7574
20170412,Google,4550.07,5584
20170413,Google,5230.06,5823
20170414,Google,5669.45,6037
20170415,Google,3998.24,5269
20170416,Google,5303.8,6310
20170417,Google,6672.45,8223
20170418,Google,4547.56,5745
20170419,Google,5434.27,7235
20170420,Google,5833.43,6885
20170421,Google,5405.28,8946
20170422,Google,4226.31,5408
20170423,Google,5802.72,7869
20170424,Google,5894.52,6939
20170425,Google,5595.32,7322
20170426,Google,6166.62,11498
20170427,Google,4872.93,7445
20170428,Google,4902.08,5790
20170429,Google,3360.0,3510
20170430,Google,4899.9,5167
20170501,Google,6895.48,8271
20170502,Google,4794.14,5574
20170503,Google,5371.64,6342
20170504,Google,4897.2,6032
20170505,Google,5139.39,6743
20170506,Google,4449.48,5922
20170507,Google,5552.51,7307
20170508,Google,4996.37,6902
20170509,Google,5429.94,8141
20170510,Google,5829.56,8357
20170511,Google,5734.08,7775
20170512,Google,5235.35,8124
20170513,Google,4564.06,6040
20170514,Google,5370.07,6070
20170515,Google,5371.17,5527
20170516,Google,5837.25,7585
20170517,Google,5709.99,7480
20170518,Google,5803.23,6077
20170519,Google,5401.27,6539
20170520,Google,4080.42,6137
20170521,Google,5131.79,6688
20170522,Google,6486.78,7645
20170523,Google,4776.51,5999
20170524,Google,6064.78,9511
20170525,Google,4573.84,6079
20170526,Google,5102.57,5641
20170527,Google,4195.78,4673
20170528,Google,4906.95,6197
20170529,Google,5202.44,6473
20170530,Google,6185.28,7099
20170531,Google,4200.0,5172
20170601,Google,5588.06,5991
20170602,Google,4735.6,6182
20170603,Google,3802.97,4781
20170604,Google,5712.01,6850
20170605,Google,5870.77,6630
20170606,Google,4697.25,6123
20170607,Google,4673.22,5999
20170608,Google,5943.54,7823
20170609,Google,5338.4,6360
20170610,Google,4258.86,5600
20170611,Google,5060.08,7304
20170612,Google,6112.94,6398
20170613,Google,5317.79,6993
20170614,Google,5425.35,6793
20170615,Google,4640.7,5072
20170616,Google,6300.0,7494
20170617,Google,3489.31,3567
20170618,Google,4627.34,5661
20170619,Google,5190.77,6721
20170620,Google,5940.87,7144
20170621,Google,5704.28,7650
20170622,Google,5442.1,6714
20170623,Google,4366.6,5181
20170624,Google,4190.76,5283
20170625,Google,4200.0,5146
20170626,Google,4888.28,6492
20170627,Google,5717.34,8112
20170628,Google,4526.17,6308
20170629,Google,4795.64,5147
20170630,Google,5154.19,5730
20170701,Google,4182.2,5410
20170702,Google,4200.0,4768
20170703,Google,6602.63,9751
20170704,Google,6300.0,7406
20170705,Google,4906.19,8462
20170706,Google,5027.64,6267
20170707,Google,4373.96,6059
20170708,Google,4306.86,5737
20170709,Google,5251.69,5570
20170710,Google,6103.06,6931
20170711,Google,5522.98,6132
20170712,Google,5049.56,6219
20170713,Google,4933.18,6282
20170714,Google,5233.37,5850
20170715,Google,4768.04,7092
20170716,Google,5304.67,5761
20170717,Google,5951.94,6094
20170718,Google,4909.88,5558
20170719,Google,5985.3,8037
20170720,Google,5283.03,6278
20170721,Google,4873.99,5447
20170722,Google,4706.05,5771
20170723,Google,5330.51,6151
20170724,Google,5520.78,7620
20170725,Google,4200.0,5190
20170726,Google,6172.55,7251
20170727,Google,5024.57,8292
20170728,Google,4323.79,4983
20170729,Google,4290.87,4602
20170730,Google,5336.77,7477
20170731,Google,5618.47,6020
20170801,Google,5027.39,6088
20170802,Google,5007.19,5705
20170803,Google,5958.98,7122
20170804,Google,5657.19,7177
20170805,Google,3726.74,5072
20170806,Google,4449.92,5197
20170807,Google,6183.17,8718
20170808,Google,5151.81,5963
20170809,Google,4569.8,5533
20170810,Google,4941.3,5428
20170811,Google,4935.88,6942
20170812,Google,3735.69,4868
20170813,Google,5460.0,6239
20170814,Google,5382.52,6836
20170815,Google,4579.09,5078
20170816,Google,4339.45,5489
20170817,Google,5380.4,6957
20170818,Google,5761.63,7857
20170819,Google,3360.0,4712
20170820,Google,4907.71,7464
20170821,Google,6563.82,8217
20170822,Google,5500.94,7221
20170823,Google,4753.77,5641
20170824,Google,5995.16,9699
20170825,Google,5783.64,6449
20170826,Google,4401.76,5213
20170827,Google,5907.8,7358
20170828,Google,5741.18,7364
20170829,Google,6179.06,8345
20170830,Google,5414.17,5415
20170831,Google,5721.62,7126
20170901,Google,5663.06,6909
20170902,Google,5040.0,5275
20170903,Google,4924.71,5873
20170904,Google,5137.75,6187
20170905,Google,4438.77,5872
20170906,Google,5368.52,5198
20170907,Google,4883.72,6667
20170908,Google,5230.95,6093
20170909,Google,5009.17,5961
20170910,Google,4988.28,5956
20170911,Google,5711.63,7013
20170912,Google,4546.34,5602
20170913,Google,5321.07,8735
20170914,Google,4778.62,6393
20170915,Google,5267.1,6121
20170916,Google,4008.89,4999
20170917,Google,4751.87,5892
20170918,Google,4620.0,5855
20170919,Google,5797.66,6673
20170920,Google,5659.06,7349
20170921,Google,5771.39,7943
20170922,Google,5420.99,6727
20170923,Google,3959.86,5830
20170924,Google,5633.53,7137
20170925,Google,5273.39,7044
20170926,Google,5116.78,6079
20170927,Google,4897.92,5559
20170928,Google,4882.82,6138
20170929,Google,4834.57,6304
20170930,Google,4051.06,4706
20171001,Google,5584.12,7492
20171002,Google,5942.46,6839
20171003,Google,5161.83,6519
20171004,Google,5187.89,7453
20171005,Google,4200.0,5384
20171006,Google,6113.77,7791
20171007,Google,4629.64,5224
20171008,Google,5437.58,5989
20171009,Google,5213.53,7242
20171010,Google,4584.73,5796
20171011,Google,5759.41,6829
20171012,Google,6026.28,7859
20171013,Google,4311.72,5051
20171014,Google,5040.0,6324
20171015,Google,6065.73,6937
20171016,Google,6930.0,9583
20171017,Google,4878.66,7006
20171018,Google,4496.48,5076
20171019,Google,4757.09,5385
20171020,Google,5576.57,6557
20171021,Google,3360.0,4325
20171022,Google,4976.98,6173
20171023,Google,6003.87,7819
20171024,Google,5799.85,6758
20171025,Google,5063.07,6665
20171026,Google,5439.93,6769
20171027,Google,5278.02,7182
20171028,Google,4090.57,4603
20171029,Google,5341.49,6594
20171030,Google,5838.08,7958
20171031,Google,6052.79,7007
20171101,Google,5650.16,8325
20171102,Google,6191.34,7044
20171103,Google,5706.7,7342
20171104,Google,4485.63,6230
20171105,Google,5532.23,5821
20171106,Google,4679.6,5775
20171107,Google,5446.6,6163
20171108,Google,4200.0,5615
20171109,Google,5183.9,6360
20171110,Google,5397.36,6847
20171111,Google,3963.33,4944
20171112,Google,5851.24,6992
20171113,Google,5821.81,7515
20171114,Google,4771.64,6405
20171115,Google,5879.81,6823
20171116,Google,4483.23,4983
20171117,Google,5183.39,6755
20171118,Google,3752.69,4658
20171119,Google,5439.89,7047
20171120,Google,22772.85,32035
20171121,Google,20941.85,27238
20171122,Google,24152.21,29657
20171123,Google,22356.32,24700
20171124,Google,21983.83,30637
20171125,Google,18071.38,31701
20171126,Google,18579.86,22804
20171127,Google,6453.59,9293
20171128,Google,5183.62,7829
20171129,Google,6099.41,7690
20171130,Google,4234.85,5119
20171201,Google,9182.01,10429
20171202,Google,7573.18,9982
20171203,Google,9435.51,13282
20171204,Google,11003.37,14042
20171205,Google,8990.77,10471
20171206,Google,7560.0,10654
20171207,Google,8588.21,10436
20171208,Google,8619.17,9541
20171209,Google,8045.38,9072
20171210,Google,9610.75,10668
20171211,Google,10194.46,12340
20171212,Google,9894.87,12206
20171213,Google,9953.16,12486
20171214,Google,9292.43,10887
20171215,Google,9297.02,10876
20171216,Google,8335.78,11934
20171217,Google,9574.98,14287
20171218,Google,10583.01,12900
20171219,Google,10841.32,12927
20171220,Google,9935.68,13440
20171221,Google,5343.38,6406
20171222,Google,5476.36,7892
20171223,Google,3895.75,4936
20171224,Google,5513.0,6789
20171225,Google,4620.0,5414
20171226,Google,5771.49,8197
20171227,Google,5768.36,7992
20171228,Google,5691.59,5876
20171229,Google,5152.32,6566
20171230,Google,4243.81,5217
20171231,Google,5406.1,5895
20180101,Google,5095.41,5602
20180102,Google,4200.0,6918
20180103,Google,5463.88,7200
20180104,Google,4532.03,5094
20180105,Google,5711.44,7666
20180106,Google,4130.68,5333
20180107,Google,4382.91,6431
20180108,Google,5623.43,6593
20180109,Google,5096.88,6312
20180110,Google,4651.1,5366
20180111,Google,5337.56,7019
20180112,Google,5852.55,6861
20180113,Google,3817.0,4321
20180114,Google,5149.57,5357
20180115,Google,5278.04,6378
20180116,Google,5948.87,7226
20180117,Google,5682.39,6909
20180118,Google,5463.79,6974
20180119,Google,5438.11,6726
20180120,Google,4272.61,5004
20180121,Google,5345.33,7793
20180122,Google,5571.33,7359
20180123,Google,5567.9,7777
20180124,Google,5222.54,6150
20180125,Google,5654.43,6480
20180126,Google,4514.16,4879
20180127,Google,4809.82,6243
20180128,Google,5229.06,7266
20180129,Google,6930.0,9801
20180130,Google,4836.02,5231
20180131,Google,5395.54,6427
20180201,Google,5674.26,7400
20180202,Google,5068.03,5647
20180203,Google,3360.0,3792
20180204,Google,4509.03,6817
20180205,Google,5335.78,5827
20180206,Google,5773.51,7324
20180207,Google,4573.62,6132
20180208,Google,5083.11,6218
20180209,Google,5403.33,6774
20180210,Google,4113.85,5187
20180211,Google,4543.26,5719
20180212,Google,6121.12,7289
20180213,Google,5612.24,7072
20180214,Google,6112.12,7511
20180215,Google,5391.58,6359
20180216,Google,5187.47,7075
20180217,Google,5040.0,6137
20180218,Google,6183.55,7748
20180219,Google,6144.87,9307
20180220,Google,5703.15,6910
20180221,Google,4755.21,6019
20180222,Google,5332.97,6979
20180223,Google,4709.05,6337
20180224,Google,3895.47,4561
20180225,Google,5012.28,7077
20180226,Google,6022.13,7354
20180227,Google,5161.19,5718
20180228,Google,4683.86,5457
20180301,Google,5232.2,6345
20180302,Google,5143.03,6529
20180303,Google,4772.46,5128
20180304,Google,5372.48,7187
20180305,Google,4984.79,6691
20180306,Google,5242.72,6758
20180307,Google,5878.87,8191
20180308,Google,5811.25,7441
20180309,Google,6120.69,6946
20180310,Google,4132.45,5116
20180311,Google,4553.71,5176
20180312,Google,5963.74,6929
20180313,Google,4200.0,5098
20180314,Google,5009.04,6122
20180315,Google,5279.5,7827
20180316,Google,6033.88,8769
20180317,Google,4472.46,5288
20180318,Google,4677.58,5850
20180319,Google,4620.0,6233
20180320,Google,5034.65,7141
20180321,Google,5368.45,7847
20180322,Google,4523.27,4600
20180323,Google,5474.7,8175
20180324,Google,4292.35,4837
20180325,Google,6010.45,8073
20180326,Google,4895.2,7062
20180327,Google,4938.93,6498
20180328,Google,5446.71,6001
20180329,Google,4897.41,6175
20180330,Google,4944.35,5174
20180331,Google,4537.11,5412
20180401,Google,4771.53,6876
20180402,Google,6626.63,6673
20180403,Google,5157.7,7030
20180404,Google,5097.11,7766
20180405,Google,4387.51,4645
20180406,Google,4697.72,4834
20180407,Google,3968.55,4722
20180408,Google,5824.92,6421
20180409,Google,5688.37,6618
20180410,Google,5138.96,5800
20180411,Google,5407.11,6126
20180412,Google,5907.19,8210
20180413,Google,5728.79,6825
20180414,Google,4888.01,6088
20180415,Google,6093.78,7701
20180416,Google,6281.42,7912
20180417,Google,5590.88,6627
20180418,Google,5472.28,7948
20180419,Google,4653.35,5248
20180420,Google,4904.25,6590
20180421,Google,4001.47,4975
20180422,Google,5692.44,5776
20180423,Google,5496.55,6693
20180424,Google,5341.76,6661
20180425,Google,6087.46,8272
20180426,Google,5029.14,5509
20180427,Google,5068.56,5674
20180428,Google,3747.71,5101
20180429,Google,6129.29,6993
20180430,Google,6541.22,8483
20180501,Google,5577.65,7750
20180502,Google,6082.14,8125
20180503,Google,5407.98,8236
20180504,Google,5236.15,6027
20180505,Google,5040.0,5595
20180506,Google,5506.9,7048
20180507,Google,5579.78,6478
20180508,Google,4338.51,4884
20180509,Google,5591.81,6065
20180510,Google,5489.06,6929
20180511,Google,4759.0,6913
20180512,Google,4657.09,5000
20180513,Google,5066.04,6434
20180514,Google,4674.86,5112
20180515,Google,5767.86,7019
20180516,Google,5165.81,5636
20180517,Google,5832.2,9214
20180518,Google,5082.17,6303
20180519,Google,4424.49,5779
20180520,Google,6300.0,9385
20180521,Google,5515.49,5940
20180522,Google,5145.15,6453
20180523,Google,4554.02,5973
20180524,Google,6015.13,8611
20180525,Google,4580.08,7113
20180526,Google,4381.94,4443
20180527,Google,5450.17,8101
20180528,Google,5089.85,5948
20180529,Google,5124.39,6428
20180530,Google,4401.41,5703
20180531,Google,4200.0,4634
20180601,Google,4955.69,5889
20180602,Google,3465.9,4296
20180603,Google,5443.68,6606
20180604,Google,5242.58,7293
20180605,Google,4415.06,5613
20180606,Google,4848.81,6680
20180607,Google,5310.57,7092
20180608,Google,5373.07,6229
20180609,Google,4453.91,6457
20180610,Google,5361.84,5888
20180611,Google,4924.22,5719
20180612,Google,5427.32,6093
20180613,Google,5415.41,6952
20180614,Google,4200.0,5918
20180615,Google,4931.01,5564
20180616,Google,4812.44,8052
20180617,Google,4873.26,6089
20180618,Google,6330.65,7617
20180619,Google,4993.39,5809
20180620,Google,5928.71,8057
20180621,Google,6031.11,7237
20180622,Google,5113.03,6425
20180623,Google,3794.13,5122
20180624,Google,4989.38,7987
20180625,Google,6094.64,8082
20180626,Google,5215.84,7913
20180627,Google,5106.1,6798
20180628,Google,5588.95,6180
20180629,Google,5296.24,7687
20180630,Google,3360.0,4174
20180701,Google,5266.24,5434
20180702,Google,5818.24,7280
20180703,Google,5763.65,6353
20180704,Google,5499.46,7053
20180705,Google,4854.03,5834
20180706,Google,4513.53,5209
20180707,Google,4654.72,5987
20180708,Google,5829.86,7461
20180709,Google,4627.52,5799
20180710,Google,5252.42,6273
20180711,Google,5779.25,7741
20180712,Google,4935.88,5761
20180713,Google,5445.51,7471
20180714,Google,3360.0,4419
20180715,Google,4898.87,6833
20180716,Google,5589.17,6941
20180717,Google,5323.75,5894
20180718,Google,4585.42,5308
20180719,Google,5629.06,6888
20180720,Google,5111.96,6902
20180721,Google,3898.83,4978
20180722,Google,5669.35,8393
20180723,Google,5694.37,6861
20180724,Google,6300.0,7827
20180725,Google,4200.0,4488
20180726,Google,5286.44,5804
20180727,Google,5560.39,6920
20180728,Google,4047.95,5138
20180729,Google,5760.84,6555
20180730,Google,5292.36,6396
20180731,Google,5983.62,8994
20180801,Google,5195.34,7102
20180802,Google,5511.12,6986
20180803,Google,5303.78,6797
20180804,Google,4871.87,6245
20180805,Google,5942.37,7297
20180806,Google,6001.83,8141
20180807,Google,5502.12,7023
20180808,Google,5619.7,8531
20180809,Google,5649.26,6356
20180810,Google,4754.59,6669
20180811,Google,4568.65,5654
20180812,Google,5523.68,5673
20180813,Google,5698.54,6921
20180814,Google,5805.65,7837
20180815,Google,5238.47,6767
20180816,Google,6123.18,8095
20180817,Google,6197.2,10415
20180818,Google,3878.3,5283
20180819,Google,4489.46,5173
20180820,Google,6500.0,10617
20180821,Google,4501.15,5386
20180822,Google,5539.94,7059
20180823,Google,5802.5,6467
20180824,Google,5574.11,6375
20180825,Google,4788.45,5120
20180826,Google,5410.55,7847
20180827,Google,5411.52,5659
20180828,Google,5094.13,5990
20180829,Google,5477.93,6933
20180830,Google,4323.39,5085
20180831,Google,4713.05,5647
20170101,Email,824.66,7170
20170102,Email,664.06,6172
20170103,Email,863.97,8665
20170104,Email,787.29,7160
20170105,Email,730.87,7093
20170106,Email,720.31,7565
20170107,Email,589.3,6063
20170108,Email,777.7,7912
20170109,Email,865.15,8366
20170110,Email,824.69,8589
20170111,Email,681.46,8530
20170112,Email,751.5,7025
20170113,Email,790.57,7152
20170114,Email,678.43,6722
20170115,Email,732.64,6472
20170116,Email,776.01,6930
20170117,Email,680.29,7997
20170118,Email,705.8,6175
20170119,Email,760.63,8252
20170120,Email,705.86,7418
20170121,Email,613.26,6046
20170122,Email,712.27,7944
20170123,Email,823.36,8805
20170124,Email,706.42,8311
20170125,Email,813.3,8430
20170126,Email,866.42,8122
20170127,Email,752.82,7422
20170128,Email,579.77,6276
20170129,Email,689.56,8443
20170130,Email,825.68,7486
20170131,Email,781.58,8266
20170201,Email,684.22,7170
20170202,Email,615.48,5132
20170203,Email,806.23,6896
20170204,Email,697.11,6910
20170205,Email,750.31,7688
20170206,Email,790.87,7030
20170207,Email,838.26,10991
20170208,Email,815.09,8170
20170209,Email,751.82,7583
20170210,Email,650.51,6526
20170211,Email,559.57,5832
20170212,Email,822.71,10784
20170213,Email,778.97,7975
20170214,Email,764.24,7343
20170215,Email,623.34,5910
20170216,Email,723.31,7367
20170217,Email,638.21,6346
20170218,Email,620.49,6873
20170219,Email,755.97,7049
20170220,Email,932.5,9938
20170221,Email,633.77,6008
20170222,Email,700.06,6396
20170223,Email,832.83,7606
20170224,Email,760.27,7955
20170225,Email,557.18,5504
20170226,Email,771.51,7099
20170227,Email,874.55,9965
20170228,Email,891.4,8805
20170301,Email,676.88,6188
20170302,Email,757.35,6245
20170303,Email,859.47,8884
20170304,Email,612.21,6722
20170305,Email,742.23,7779
20170306,Email,862.88,6865
20170307,Email,782.42,9215
20170308,Email,681.43,7491
20170309,Email,751.83,6731
20170310,Email,643.38,6375
20170311,Email,606.48,5602
20170312,Email,757.87,6954
20170313,Email,822.26,8843
20170314,Email,600.57,4954
20170315,Email,787.97,8714
20170316,Email,679.26,6371
20170317,Email,833.21,7647
20170318,Email,604.46,5764
20170319,Email,900.0,8449
20170320,Email,825.21,7443
20170321,Email,747.24,7556
20170322,Email,825.07,7513
20170323,Email,661.17,5925
20170324,Email,771.28,7637
20170325,Email,568.51,9512
20170326,Email,763.96,8969
20170327,Email,707.1,7205
20170328,Email,750.45,7022
20170329,Email,757.6,8130
20170330,Email,825.89,7361
20170331,Email,715.23,7704
20170401,Email,600.5,5129
20170402,Email,736.54,7631
20170403,Email,971.9,8051
20170404,Email,756.53,6690
20170405,Email,780.0,7431
20170406,Email,807.6,7661
20170407,Email,791.39,8569
20170408,Email,621.22,7262
20170409,Email,796.77,9180
20170410,Email,838.57,8713
20170411,Email,703.41,6774
20170412,Email,723.63,8006
20170413,Email,799.66,9721
20170414,Email,637.54,7906
20170415,Email,527.91,4632
20170416,Email,655.45,6165
20170417,Email,712.22,7118
20170418,Email,783.67,7827
20170419,Email,793.69,7823
20170420,Email,764.84,7087
20170421,Email,710.58,8535
20170422,Email,569.28,5197
20170423,Email,737.53,6805
20170424,Email,755.26,7327
20170425,Email,622.96,5527
20170426,Email,656.17,6178
20170427,Email,774.07,7335
20170428,Email,730.56,6811
20170429,Email,590.47,5465
20170430,Email,665.83,6214
20170501,Email,818.24,9458
20170502,Email,737.49,8078
20170503,Email,765.34,8329
20170504,Email,685.63,6723
20170505,Email,787.72,7578
20170506,Email,551.68,5779
20170507,Email,687.91,5997
20170508,Email,824.8,6829
20170509,Email,677.09,6520
20170510,Email,644.45,6907
20170511,Email,719.66,7848
20170512,Email,856.8,8717
20170513,Email,654.26,6553
20170514,Email,900.0,8945
20170515,Email,737.86,6776
20170516,Email,642.71,6319
20170517,Email,763.49,6896
20170518,Email,805.37,8299
20170519,Email,768.6,8173
20170520,Email,632.15,5425
20170521,Email,767.39,8613
20170522,Email,940.72,7913
20170523,Email,750.83,8498
20170524,Email,808.27,7638
20170525,Email,895.87,9197
20170526,Email,704.83,6730
20170527,Email,623.3,6067
20170528,Email,849.45,7771
20170529,Email,667.3,7314
20170530,Email,770.15,8431
20170531,Email,773.58,6929
20170601,Email,665.49,7169
20170602,Email,779.17,7979
20170603,Email,621.87,6657
20170604,Email,760.57,6877
20170605,Email,854.41,10235
20170606,Email,716.84,6474
20170607,Email,754.74,7811
20170608,Email,815.13,6867
20170609,Email,647.55,7059
20170610,Email,621.51,5846
20170611,Email,822.95,7748
20170612,Email,743.87,6712
20170613,Email,900.0,9370
20170614,Email,627.79,6445
20170615,Email,750.16,7467
20170616,Email,628.94,7363
20170617,Email,528.37,5349
20170618,Email,635.17,5878
20170619,Email,847.92,8750
20170620,Email,644.76,5898
20170621,Email,825.95,9244
20170622,Email,681.3,6859
20170623,Email,746.88,7648
20170624,Email,636.68,7244
20170625,Email,674.87,5665
20170626,Email,890.38,9493
20170627,Email,756.48,8418
20170628,Email,737.17,8697
20170629,Email,600.0,5849
20170630,Email,692.25,7142
20170701,Email,562.71,6116
20170702,Email,770.68,7058
20170703,Email,795.52,9115
20170704,Email,727.77,6651
20170705,Email,805.47,7576
20170706,Email,635.31,5903
20170707,Email,775.8,8741
20170708,Email,555.34,5221
20170709,Email,667.86,7048
20170710,Email,689.53,7128
20170711,Email,861.51,8154
20170712,Email,777.75,8172
20170713,Email,791.23,7360
20170714,Email,739.4,8401
20170715,Email,613.79,6060
20170716,Email,870.6,10091
20170717,Email,851.2,9312
20170718,Email,670.96,6504
20170719,Email,715.98,6794
20170720,Email,810.02,7261
20170721,Email,732.9,8908
20170722,Email,600.12,6014
20170723,Email,650.07,6851
20170724,Email,874.1,8203
20170725,Email,739.01,6006
20170726,Email,623.17,5768
20170727,Email,789.2,8400
20170728,Email,777.44,8322
20170729,Email,565.99,6046
20170730,Email,777.17,7938
20170731,Email,872.6,8560
20170801,Email,800.82,7943
20170802,Email,788.96,7277
20170803,Email,742.69,8892
20170804,Email,804.67,7300
20170805,Email,585.83,6332
20170806,Email,806.06,8030
20170807,Email,850.47,8623
20170808,Email,649.79,7673
20170809,Email,722.72,8016
20170810,Email,775.28,8124
20170811,Email,655.97,8244
20170812,Email,653.53,5475
20170813,Email,789.23,7095
20170814,Email,818.04,7226
20170815,Email,757.51,8324
20170816,Email,831.98,8491
20170817,Email,863.09,7480
20170818,Email,663.22,6064
20170819,Email,622.92,7169
20170820,Email,784.18,7699
20170821,Email,778.16,8625
20170822,Email,683.79,6683
20170823,Email,677.64,6108
20170824,Email,799.28,8245
20170825,Email,859.88,6872
20170826,Email,673.74,6942
20170827,Email,821.0,8658
20170828,Email,806.33,8482
20170829,Email,643.31,5690
20170830,Email,900.0,10137
20170831,Email,730.21,8370
20170901,Email,796.16,9460
20170902,Email,565.24,5456
20170903,Email,841.98,9873
20170904,Email,826.81,9680
20170905,Email,720.62,7826
20170906,Email,812.01,8298
20170907,Email,740.24,9314
20170908,Email,818.52,8982
20170909,Email,611.04,7510
20170910,Email,749.03,6970
20170911,Email,877.9,9783
20170912,Email,763.55,7906
20170913,Email,665.96,7350
20170914,Email,680.77,7463
20170915,Email,698.54,7654
20170916,Email,547.27,5370
20170917,Email,900.0,9043
20170918,Email,815.03,7360
20170919,Email,759.34,7373
20170920,Email,725.04,7602
20170921,Email,691.16,5590
20170922,Email,749.65,8607
20170923,Email,608.13,7440
20170924,Email,805.31,8585
20170925,Email,794.78,6858
20170926,Email,759.71,7968
20170927,Email,700.31,6707
20170928,Email,716.44,6658
20170929,Email,746.09,6737
20170930,Email,668.52,6250
20171001,Email,846.99,7970
20171002,Email,809.86,8209
20171003,Email,620.97,5798
20171004,Email,672.44,6476
20171005,Email,751.17,9064
20171006,Email,806.21,9780
20171007,Email,536.61,5908
20171008,Email,829.95,7493
20171009,Email,863.6,8554
20171010,Email,726.55,6732
20171011,Email,807.89,9333
20171012,Email,751.4,6976
20171013,Email,700.28,6915
20171014,Email,590.73,6520
20171015,Email,711.25,8292
20171016,Email,852.61,7864
20171017,Email,636.43,6682
20171018,Email,900.0,7976
20171019,Email,686.78,6801
20171020,Email,847.94,9118
20171021,Email,541.56,5577
20171022,Email,763.43,5885
20171023,Email,688.82,7840
20171024,Email,704.25,7514
20171025,Email,748.95,6750
20171026,Email,782.63,8327
20171027,Email,701.06,6363
20171028,Email,651.13,6236
20171029,Email,771.04,9663
20171030,Email,841.78,8138
20171031,Email,813.19,9910
20171101,Email,683.11,6336
20171102,Email,785.51,7444
20171103,Email,814.91,8300
20171104,Email,667.76,6076
20171105,Email,879.03,8337
20171106,Email,779.56,7230
20171107,Email,676.18,6336
20171108,Email,739.74,6708
20171109,Email,600.0,5921
20171110,Email,848.5,9029
20171111,Email,546.54,5624
20171112,Email,849.82,9979
20171113,Email,771.67,6927
20171114,Email,698.13,7037
20171115,Email,782.76,7880
20171116,Email,691.4,6701
20171117,Email,738.29,6562
20171118,Email,565.56,6648
20171119,Email,600.0,6231
20171120,Email,3123.94,26255
20171121,Email,2707.81,30902
20171122,Email,3072.35,30676
20171123,Email,2923.36,30689
20171124,Email,2480.27,21319
20171125,Email,1987.11,20405
20171126,Email,2830.37,24229
20171127,Email,804.09,9123
20171128,Email,813.3,7815
20171129,Email,850.84,7706
20171130,Email,720.63,8187
20171201,Email,1333.19,12102
20171202,Email,1077.7,13315
20171203,Email,1383.4,13981
20171204,Email,1487.71,13821
20171205,Email,1620.0,17704
20171206,Email,1620.0,18828
20171207,Email,1177.01,16391
20171208,Email,1405.48,17695
20171209,Email,1065.44,9686
20171210,Email,1261.7,13805
20171211,Email,1374.46,16724
20171212,Email,1424.4,13391
20171213,Email,1553.22,15006
20171214,Email,1242.09,12474
20171215,Email,1234.84,13629
20171216,Email,1126.58,10297
20171217,Email,1318.42,12917
20171218,Email,1515.81,18081
20171219,Email,1460.25,16389
20171220,Email,1620.0,16440
20171221,Email,600.0,5866
20171222,Email,773.54,7392
20171223,Email,552.03,5775
20171224,Email,710.64,8657
20171225,Email,827.12,7740
20171226,Email,847.69,9941
20171227,Email,641.61,6466
20171228,Email,786.55,7421
20171229,Email,830.92,8656
20171230,Email,594.12,5688
20171231,Email,885.1,7397
20180101,Email,739.15,6886
20180102,Email,742.36,7354
20180103,Email,674.67,7241
20180104,Email,606.23,7132
20180105,Email,723.21,7081
20180106,Email,632.84,6573
20180107,Email,692.33,7466
20180108,Email,702.8,8861
20180109,Email,607.01,5226
20180110,Email,708.34,7283
20180111,Email,784.69,8539
20180112,Email,734.1,6338
20180113,Email,548.63,6206
20180114,Email,728.35,9891
20180115,Email,660.0,6407
20180116,Email,765.16,7790
20180117,Email,900.0,8914
20180118,Email,724.33,7341
20180119,Email,819.78,6659
20180120,Email,680.87,7569
20180121,Email,804.04,9646
20180122,Email,691.19,6252
20180123,Email,628.21,6258
20180124,Email,745.34,7613
20180125,Email,675.49,7394
20180126,Email,722.32,7620
20180127,Email,664.36,5763
20180128,Email,716.47,7947
20180129,Email,964.58,9564
20180130,Email,688.74,7400
20180131,Email,778.24,8608
20180201,Email,755.05,9525
20180202,Email,600.0,7204
20180203,Email,676.21,7526
20180204,Email,613.29,5811
20180205,Email,945.05,9293
20180206,Email,900.0,8955
20180207,Email,693.94,6287
20180208,Email,674.44,6809
20180209,Email,774.81,7120
20180210,Email,717.17,7870
20180211,Email,662.33,7800
20180212,Email,949.0,9294
20180213,Email,641.88,6548
20180214,Email,715.73,7175
20180215,Email,687.43,5465
20180216,Email,826.47,7975
20180217,Email,623.96,5884
20180218,Email,798.53,10347
20180219,Email,731.86,6594
20180220,Email,695.63,7568
20180221,Email,685.07,7889
20180222,Email,805.16,10777
20180223,Email,742.3,7977
20180224,Email,613.74,6103
20180225,Email,881.19,8058
20180226,Email,751.24,8199
20180227,Email,766.24,7798
20180228,Email,782.34,6961
20180301,Email,719.88,6917
20180302,Email,681.29,6981
20180303,Email,593.6,5565
20180304,Email,756.59,8273
20180305,Email,739.76,8039
20180306,Email,855.17,9552
20180307,Email,662.75,6188
20180308,Email,709.37,7427
20180309,Email,652.79,6533
20180310,Email,616.18,6077
20180311,Email,777.49,7424
20180312,Email,776.7,7409
20180313,Email,735.97,6912
20180314,Email,744.67,7089
20180315,Email,785.56,7799
20180316,Email,772.89,9053
20180317,Email,608.71,5989
20180318,Email,728.54,6867
20180319,Email,868.78,8196
20180320,Email,754.12,9991
20180321,Email,795.18,8618
20180322,Email,823.75,9186
20180323,Email,695.33,6132
20180324,Email,625.82,6625
20180325,Email,770.62,6550
20180326,Email,786.41,7863
20180327,Email,786.16,7868
20180328,Email,826.91,7767
20180329,Email,766.85,7064
20180330,Email,690.12,8027
20180331,Email,634.99,6796
20180401,Email,785.69,7755
20180402,Email,853.58,8066
20180403,Email,820.13,8119
20180404,Email,793.11,6999
20180405,Email,770.49,7168
20180406,Email,723.61,7401
20180407,Email,528.76,4502
20180408,Email,694.17,6812
20180409,Email,676.4,7449
20180410,Email,896.06,10560
20180411,Email,791.71,7269
20180412,Email,723.37,6526
20180413,Email,785.58,8567
20180414,Email,601.6,5605
20180415,Email,630.67,6051
20180416,Email,671.51,6777
20180417,Email,612.96,6330
20180418,Email,704.36,6332
20180419,Email,811.97,8133
20180420,Email,728.11,7117
20180421,Email,645.09,6184
20180422,Email,795.63,8770
20180423,Email,736.73,7645
20180424,Email,677.72,7387
20180425,Email,764.28,8362
20180426,Email,784.86,7298
20180427,Email,652.64,7064
20180428,Email,539.05,5748
20180429,Email,799.15,8465
20180430,Email,845.1,8620
20180501,Email,781.53,7475
20180502,Email,785.26,7234
20180503,Email,847.48,7829
20180504,Email,799.83,8342
20180505,Email,553.77,5656
20180506,Email,742.73,7525
20180507,Email,879.15,9537
20180508,Email,789.02,7860
20180509,Email,781.01,7362
20180510,Email,682.74,6760
20180511,Email,777.6,8293
20180512,Email,665.84,7411
20180513,Email,702.89,6303
20180514,Email,916.34,9588
20180515,Email,680.14,7098
20180516,Email,776.0,6798
20180517,Email,688.94,6383
20180518,Email,735.03,8563
20180519,Email,616.98,7051
20180520,Email,716.3,7462
20180521,Email,794.32,7251
20180522,Email,728.63,7761
20180523,Email,724.61,6513
20180524,Email,711.97,6731
20180525,Email,736.01,6522
20180526,Email,604.0,6622
20180527,Email,782.09,8156
20180528,Email,842.44,8448
20180529,Email,763.31,7808
20180530,Email,793.36,11529
20180531,Email,671.16,5776
20180601,Email,894.62,9172
20180602,Email,562.96,5191
20180603,Email,753.92,7046
20180604,Email,720.95,5957
20180605,Email,832.98,9426
20180606,Email,798.31,8735
20180607,Email,613.3,6928
20180608,Email,736.8,7687
20180609,Email,587.34,5080
20180610,Email,765.82,8091
20180611,Email,828.95,8453
20180612,Email,662.76,6783
20180613,Email,724.46,7484
20180614,Email,622.23,6191
20180615,Email,749.52,7620
20180616,Email,720.0,6656
20180617,Email,673.44,7312
20180618,Email,763.77,7257
20180619,Email,766.7,7128
20180620,Email,658.32,7022
20180621,Email,699.4,6844
20180622,Email,729.2,6087
20180623,Email,593.09,6066
20180624,Email,832.23,8487
20180625,Email,966.88,12834
20180626,Email,746.67,7226
20180627,Email,600.0,5990
20180628,Email,600.0,5419
20180629,Email,840.41,8212
20180630,Email,505.53,4975
20180701,Email,816.08,8779
20180702,Email,866.34,8248
20180703,Email,900.0,7303
20180704,Email,616.11,6209
20180705,Email,694.15,7576
20180706,Email,768.14,8388
20180707,Email,621.39,6873
20180708,Email,672.89,7488
20180709,Email,831.86,7791
20180710,Email,600.0,5913
20180711,Email,690.03,6359
20180712,Email,806.81,8092
20180713,Email,801.88,7900
20180714,Email,531.94,5293
20180715,Email,716.76,7078
20180716,Email,929.03,9140
20180717,Email,600.0,6401
20180718,Email,698.86,6469
20180719,Email,688.92,5503
20180720,Email,771.27,8560
20180721,Email,653.36,6188
20180722,Email,697.97,6508
20180723,Email,924.49,9704
20180724,Email,759.22,7823
20180725,Email,804.76,7844
20180726,Email,772.9,7074
20180727,Email,797.01,8717
20180728,Email,715.1,7075
20180729,Email,663.1,6659
20180730,Email,787.84,8233
20180731,Email,690.29,6225
20180801,Email,705.88,6243
20180802,Email,796.9,8200
20180803,Email,732.12,7097
20180804,Email,625.31,7000
20180805,Email,861.38,7942
20180806,Email,819.86,8786
20180807,Email,679.33,7510
20180808,Email,829.55,7788
20180809,Email,803.08,8671
20180810,Email,771.07,7391
20180811,Email,522.03,4705
20180812,Email,600.0,5897
20180813,Email,771.18,7710
20180814,Email,698.96,7711
20180815,Email,900.0,9172
20180816,Email,861.78,6706
20180817,Email,691.23,6012
20180818,Email,694.54,7613
20180819,Email,713.21,7050
20180820,Email,896.2,8755
20180821,Email,737.57,8110
20180822,Email,729.68,6656
20180823,Email,830.09,9168
20180824,Email,843.04,9246
20180825,Email,679.58,6099
20180826,Email,754.65,6698
20180827,Email,740.8,9183
20180828,Email,814.21,7694
20180829,Email,634.77,6680
20180830,Email,600.0,5240
20180831,Email,694.25,7482
20170101,Influencer,1565.92,1050
20170102,Influencer,1474.29,998
20170103,Influencer,1800.0,1286
20170104,Influencer,1541.28,1112
20170105,Influencer,1563.0,950
20170106,Influencer,1522.99,1164
20170107,Influencer,1058.81,668
20170108,Influencer,1583.37,1031
20170109,Influencer,1540.41,912
20170110,Influencer,1503.27,900
20170111,Influencer,1576.88,1173
20170112,Influencer,1706.83,1124
20170113,Influencer,1370.09,918
20170114,Influencer,1110.68,733
20170115,Influencer,1333.82,968
20170116,Influencer,1680.08,1248
20170117,Influencer,1401.24,815
20170118,Influencer,1445.34,986
20170119,Influencer,1421.74,1009
20170120,Influencer,1414.75,1055
20170121,Influencer,1053.65,612
20170122,Influencer,1494.9,941
20170123,Influencer,1686.39,1155
20170124,Influencer,1587.36,988
20170125,Influencer,1568.84,912
20170126,Influencer,1625.23,1129
20170127,Influencer,1284.45,814
20170128,Influencer,1250.99,915
20170129,Influencer,1505.67,1059
20170130,Influencer,1678.41,1260
20170131,Influencer,1585.22,1210
20170201,Influencer,1611.41,1087
20170202,Influencer,1470.44,909
20170203,Influencer,1485.46,984
20170204,Influencer,1335.56,887
20170205,Influencer,1555.03,937
20170206,Influencer,1901.18,1275
20170207,Influencer,1254.84,825
20170208,Influencer,1595.32,1165
20170209,Influencer,1374.64,828
20170210,Influencer,1484.67,922
20170211,Influencer,962.23,642
20170212,Influencer,1544.26,1034
20170213,Influencer,1359.68,874
20170214,Influencer,1599.88,935
20170215,Influencer,1310.59,848
20170216,Influencer,1272.06,871
20170217,Influencer,1447.18,971
20170218,Influencer,1173.32,853
20170219,Influencer,1527.63,1000
20170220,Influencer,1980.0,1313
20170221,Influencer,1490.84,973
20170222,Influencer,1712.77,1078
20170223,Influencer,1720.21,992
20170224,Influencer,1618.45,1172
20170225,Influencer,1244.21,827
20170226,Influencer,1441.82,1008
20170227,Influencer,1550.77,1216
20170228,Influencer,1800.0,1174
20170301,Influencer,1448.32,916
20170302,Influencer,1335.15,961
20170303,Influencer,1432.11,922
20170304,Influencer,1259.78,787
20170305,Influencer,1678.14,1284
20170306,Influencer,1645.66,842
20170307,Influencer,1435.24,925
20170308,Influencer,1545.04,1132
20170309,Influencer,1372.25,872
20170310,Influencer,1715.3,1097
20170311,Influencer,1191.06,723
20170312,Influencer,1593.52,994
20170313,Influencer,1879.75,1424
20170314,Influencer,1489.33,941
20170315,Influencer,1729.73,1244
20170316,Influencer,1443.27,987
20170317,Influencer,1378.55,850
20170318,Influencer,1076.51,715
20170319,Influencer,1443.65,916
20170320,Influencer,1862.04,1267
20170321,Influencer,1357.77,972
20170322,Influencer,1339.7,943
20170323,Influencer,1402.1,866
20170324,Influencer,1475.16,1013
20170325,Influencer,1238.19,826
20170326,Influencer,1575.3,1028
20170327,Influencer,1370.35,960
20170328,Influencer,1613.43,1000
20170329,Influencer,1560.74,1582
20170330,Influencer,1486.5,1119
20170331,Influencer,1529.95,1023
20170401,Influencer,1172.09,748
20170402,Influencer,1735.43,1173
20170403,Influencer,1331.2,952
20170404,Influencer,1288.99,781
20170405,Influencer,1306.82,898
20170406,Influencer,1378.65,1141
20170407,Influencer,1453.1,910
20170408,Influencer,1086.02,704
20170409,Influencer,1761.95,1126
20170410,Influencer,1676.19,1021
20170411,Influencer,1422.95,885
20170412,Influencer,1472.37,951
20170413,Influencer,1487.79,1114
20170414,Influencer,1599.39,1015
20170415,Influencer,1007.56,718
20170416,Influencer,1530.86,1180
20170417,Influencer,1480.54,1199
20170418,Influencer,1487.38,1038
20170419,Influencer,1473.5,1043
20170420,Influencer,1300.96,888
20170421,Influencer,1532.87,1468
20170422,Influencer,1081.48,832
20170423,Influencer,1534.17,1029
20170424,Influencer,1878.61,1340
20170425,Influencer,1289.18,896
20170426,Influencer,1334.36,895
20170427,Influencer,1609.33,1073
20170428,Influencer,1274.17,917
20170429,Influencer,1329.13,930
20170430,Influencer,1498.44,1001
20170501,Influencer,1486.45,1060
20170502,Influencer,1397.18,945
20170503,Influencer,1466.7,1034
20170504,Influencer,1659.25,964
20170505,Influencer,1531.68,1002
20170506,Influencer,1216.02,803
20170507,Influencer,1432.82,1132
20170508,Influencer,1383.25,961
20170509,Influencer,1800.0,1483
20170510,Influencer,1289.02,920
20170511,Influencer,1526.5,855
20170512,Influencer,1534.48,986
20170513,Influencer,1301.61,837
20170514,Influencer,1569.69,1155
20170515,Influencer,1613.49,1228
20170516,Influencer,1752.27,1066
20170517,Influencer,1506.55,998
20170518,Influencer,1526.68,1077
20170519,Influencer,1627.11,1149
20170520,Influencer,1183.82,849
20170521,Influencer,1563.85,900
20170522,Influencer,1678.88,1230
20170523,Influencer,1451.31,829
20170524,Influencer,1200.0,788
20170525,Influencer,1449.77,940
20170526,Influencer,1738.92,1237
20170527,Influencer,1242.18,762
20170528,Influencer,1500.37,933
20170529,Influencer,1551.24,1011
20170530,Influencer,1587.67,1061
20170531,Influencer,1461.12,1033
20170601,Influencer,1467.06,1102
20170602,Influencer,1434.36,1107
20170603,Influencer,1255.12,788
20170604,Influencer,1418.43,891
20170605,Influencer,1479.31,1013
20170606,Influencer,1306.17,788
20170607,Influencer,1659.5,1307
20170608,Influencer,1584.45,1166
20170609,Influencer,1580.97,1050
20170610,Influencer,1182.17,858
20170611,Influencer,1391.67,947
20170612,Influencer,1642.14,1104
20170613,Influencer,1483.51,977
20170614,Influencer,1269.21,838
20170615,Influencer,1538.81,1106
20170616,Influencer,1417.63,1008
20170617,Influencer,1119.25,618
20170618,Influencer,1540.21,1079
20170619,Influencer,1915.19,1052
20170620,Influencer,1346.79,908
20170621,Influencer,1722.81,1088
20170622,Influencer,1510.99,970
20170623,Influencer,1431.39,1009
20170624,Influencer,1209.4,781
20170625,Influencer,1478.48,957
20170626,Influencer,1397.38,918
20170627,Influencer,1413.13,963
20170628,Influencer,1397.27,1098
20170629,Influencer,1434.74,1124
20170630,Influencer,1697.88,1401
20170701,Influencer,1243.18,752
20170702,Influencer,1800.0,1195
20170703,Influencer,1690.82,1074
20170704,Influencer,1411.69,933
20170705,Influencer,1544.41,997
20170706,Influencer,1321.71,904
20170707,Influencer,1619.98,1054
20170708,Influencer,1335.69,1024
20170709,Influencer,1362.21,871
20170710,Influencer,1547.12,1049
20170711,Influencer,1444.87,938
20170712,Influencer,1757.05,1019
20170713,Influencer,1665.4,1038
20170714,Influencer,1579.02,927
20170715,Influencer,1440.0,936
20170716,Influencer,1399.63,1034
20170717,Influencer,1834.91,1236
20170718,Influencer,1469.4,1000
20170719,Influencer,1695.28,1373
20170720,Influencer,1290.66,1001
20170721,Influencer,1515.9,964
20170722,Influencer,1259.64,815
20170723,Influencer,1714.28,1197
20170724,Influencer,1532.2,1052
20170725,Influencer,1800.0,1231
20170726,Influencer,1513.61,1052
20170727,Influencer,1558.02,963
20170728,Influencer,1424.34,799
20170729,Influencer,1345.47,848
20170730,Influencer,1519.21,910
20170731,Influencer,1608.22,1205
20170801,Influencer,1721.35,1238
20170802,Influencer,1510.67,953
20170803,Influencer,1561.89,1113
20170804,Influencer,1781.7,1033
20170805,Influencer,977.73,581
20170806,Influencer,1787.42,1089
20170807,Influencer,1671.9,1023
20170808,Influencer,1524.67,962
20170809,Influencer,1649.47,1414
20170810,Influencer,1404.79,927
20170811,Influencer,1577.33,1048
20170812,Influencer,1246.4,793
20170813,Influencer,1762.98,1194
20170814,Influencer,1841.96,1133
20170815,Influencer,1605.97,906
20170816,Influencer,1451.33,864
20170817,Influencer,1721.57,1054
20170818,Influencer,1470.77,1032
20170819,Influencer,1100.93,820
20170820,Influencer,1316.46,805
20170821,Influencer,1625.42,1062
20170822,Influencer,1639.35,1064
20170823,Influencer,1668.08,1254
20170824,Influencer,1561.29,854
20170825,Influencer,1453.06,858
20170826,Influencer,1375.8,859
20170827,Influencer,1388.83,851
20170828,Influencer,1704.08,1014
20170829,Influencer,1560.21,912
20170830,Influencer,1388.35,902
20170831,Influencer,1228.88,846
20170901,Influencer,1401.81,892
20170902,Influencer,1341.84,981
20170903,Influencer,1554.65,939
20170904,Influencer,1727.82,1111
20170905,Influencer,1500.06,844
20170906,Influencer,1699.64,1184
20170907,Influencer,1414.34,972
20170908,Influencer,1420.55,845
20170909,Influencer,1120.85,1048
20170910,Influencer,1327.56,831
20170911,Influencer,1795.74,1533
20170912,Influencer,1602.26,1165
20170913,Influencer,1599.15,1068
20170914,Influencer,1535.73,1082
20170915,Influencer,1536.74,1249
20170916,Influencer,983.92,579
20170917,Influencer,1458.84,903
20170918,Influencer,1758.81,1223
20170919,Influencer,1352.36,856
20170920,Influencer,1800.0,1033
20170921,Influencer,1651.15,1094
20170922,Influencer,1689.85,1066
20170923,Influencer,1247.59,788
20170924,Influencer,1450.75,971
20170925,Influencer,1618.31,988
20170926,Influencer,1421.05,943
20170927,Influencer,1460.07,1021
20170928,Influencer,1417.67,931
20170929,Influencer,1446.58,937
20170930,Influencer,1204.18,738
20171001,Influencer,1780.63,1193
20171002,Influencer,1520.38,1024
20171003,Influencer,1712.91,906
20171004,Influencer,1699.31,1317
20171005,Influencer,1436.57,982
20171006,Influencer,1609.66,1043
20171007,Influencer,1346.91,857
20171008,Influencer,1627.96,1043
20171009,Influencer,1389.73,933
20171010,Influencer,1586.36,1066
20171011,Influencer,1406.64,946
20171012,Influencer,1403.63,928
20171013,Influencer,1577.21,933
20171014,Influencer,1054.96,699
20171015,Influencer,1262.72,872
20171016,Influencer,1594.74,1137
20171017,Influencer,1387.79,909
20171018,Influencer,1372.51,936
20171019,Influencer,1379.99,761
20171020,Influencer,1556.24,1274
20171021,Influencer,960.0,691
20171022,Influencer,1378.12,834
20171023,Influencer,1382.14,1033
20171024,Influencer,1404.98,1170
20171025,Influencer,1614.89,1022
20171026,Influencer,1608.03,1093
20171027,Influencer,1678.21,1162
20171028,Influencer,1331.53,977
20171029,Influencer,1513.62,996
20171030,Influencer,1429.89,898
20171031,Influencer,1593.69,938
20171101,Influencer,1469.84,894
20171102,Influencer,1487.02,1014
20171103,Influencer,1658.29,989
20171104,Influencer,1032.39,623
20171105,Influencer,1406.72,848
20171106,Influencer,1609.54,1065
20171107,Influencer,1777.01,1160
20171108,Influencer,1339.54,942
20171109,Influencer,1501.66,843
20171110,Influencer,1376.92,910
20171111,Influencer,1402.29,1048
20171112,Influencer,1556.45,962
20171113,Influencer,1703.93,1088
20171114,Influencer,1360.29,956
20171115,Influencer,1549.23,1100
20171116,Influencer,1447.91,983
20171117,Influencer,1458.82,1043
20171118,Influencer,1049.13,858
20171119,Influencer,1293.55,903
20171120,Influencer,7660.0,5583
20171121,Influencer,5201.22,3180
20171122,Influencer,5414.66,3283
20171123,Influencer,5510.16,3989
20171124,Influencer,6196.38,3828
20171125,Influencer,5367.76,3949
20171126,Influencer,5733.22,3880
20171127,Influencer,1671.29,1214
20171128,Influencer,1800.0,1157
20171129,Influencer,1523.19,947
20171130,Influencer,1671.4,1312
20171201,Influencer,2862.67,2017
20171202,Influencer,2311.09,1503
20171203,Influencer,2718.78,1892
20171204,Influencer,2866.14,1734
20171205,Influencer,2560.28,2014
20171206,Influencer,2347.11,1584
20171207,Influencer,2720.29,1725
20171208,Influencer,2689.23,1973
20171209,Influencer,2163.68,1460
20171210,Influencer,2290.45,1542
20171211,Influencer,2844.23,2089
20171212,Influencer,3032.57,2005
20171213,Influencer,2486.52,1828
20171214,Influencer,2583.8,1866
20171215,Influencer,2472.98,2244
20171216,Influencer,1830.45,1148
20171217,Influencer,2526.71,1747
20171218,Influencer,3043.11,2437
20171219,Influencer,3027.26,2305
20171220,Influencer,2160.0,1552
20171221,Influencer,1520.72,951
20171222,Influencer,1578.03,1045
20171223,Influencer,1216.3,770
20171224,Influencer,1733.06,1377
20171225,Influencer,1935.02,1386
20171226,Influencer,1497.55,930
20171227,Influencer,1549.7,1295
20171228,Influencer,1345.3,934
20171229,Influencer,1525.44,1045
20171230,Influencer,1261.69,894
20171231,Influencer,1349.94,977
20180101,Influencer,1626.8,1173
20180102,Influencer,1593.42,1150
20180103,Influencer,1758.34,1330
20180104,Influencer,1800.0,1145
20180105,Influencer,1625.94,1186
20180106,Influencer,1347.95,918
20180107,Influencer,1563.66,903
20180108,Influencer,1494.92,828
20180109,Influencer,1568.15,783
20180110,Influencer,1575.15,1093
20180111,Influencer,1490.81,963
20180112,Influencer,1434.07,916
20180113,Influencer,1154.17,802
20180114,Influencer,1608.78,1106
20180115,Influencer,1679.71,1040
20180116,Influencer,1730.97,1132
20180117,Influencer,1293.13,715
20180118,Influencer,1706.83,1116
20180119,Influencer,1508.85,962
20180120,Influencer,1199.34,810
20180121,Influencer,1573.07,1055
20180122,Influencer,1756.83,1047
20180123,Influencer,1492.93,1026
20180124,Influencer,1462.33,824
20180125,Influencer,1541.08,1048
20180126,Influencer,1362.85,922
20180127,Influencer,1440.0,897
20180128,Influencer,1285.04,877
20180129,Influencer,1729.96,1077
20180130,Influencer,1509.24,1016
20180131,Influencer,1632.44,1157
20180201,Influencer,1674.84,1007
20180202,Influencer,1575.02,904
20180203,Influencer,1203.44,822
20180204,Influencer,1501.91,876
20180205,Influencer,1499.19,966
20180206,Influencer,1670.59,1105
20180207,Influencer,1200.0,678
20180208,Influencer,1427.66,983
20180209,Influencer,1316.75,846
20180210,Influencer,1271.55,910
20180211,Influencer,1341.48,924
20180212,Influencer,1609.52,1036
20180213,Influencer,1717.65,1139
20180214,Influencer,1487.92,832
20180215,Influencer,1622.45,977
20180216,Influencer,1415.95,1002
20180217,Influencer,1340.82,847
20180218,Influencer,1465.5,964
20180219,Influencer,1641.76,1187
20180220,Influencer,1296.39,848
20180221,Influencer,1225.38,798
20180222,Influencer,1368.37,1014
20180223,Influencer,1586.69,912
20180224,Influencer,1271.18,756
20180225,Influencer,1488.41,1067
20180226,Influencer,1498.09,1116
20180227,Influencer,1200.0,848
20180228,Influencer,1520.43,874
20180301,Influencer,1674.64,1085
20180302,Influencer,1318.04,914
20180303,Influencer,1165.0,766
20180304,Influencer,1508.04,1122
20180305,Influencer,1320.0,907
20180306,Influencer,1603.14,853
20180307,Influencer,1528.5,1154
20180308,Influencer,1340.2,732
20180309,Influencer,1453.21,935
20180310,Influencer,1028.17,739
20180311,Influencer,1339.8,1114
20180312,Influencer,1690.99,1369
20180313,Influencer,1470.84,1034
20180314,Influencer,1533.48,999
20180315,Influencer,1317.72,835
20180316,Influencer,1421.28,938
20180317,Influencer,1295.32,804
20180318,Influencer,1726.54,1215
20180319,Influencer,1579.85,1088
20180320,Influencer,1397.77,894
20180321,Influencer,1468.83,1083
20180322,Influencer,1689.22,960
20180323,Influencer,1474.05,960
20180324,Influencer,1226.41,781
20180325,Influencer,1629.33,1101
20180326,Influencer,1808.26,1122
20180327,Influencer,1544.25,1212
20180328,Influencer,1474.32,1187
20180329,Influencer,1414.3,941
20180330,Influencer,1686.08,1043
20180331,Influencer,1161.56,782
20180401,Influencer,1441.35,1122
20180402,Influencer,1686.55,1178
20180403,Influencer,1465.64,975
20180404,Influencer,1729.93,1115
20180405,Influencer,1200.0,739
20180406,Influencer,1577.6,911
20180407,Influencer,1063.3,646
20180408,Influencer,1596.0,1036
20180409,Influencer,1867.04,1068
20180410,Influencer,1441.21,917
20180411,Influencer,1326.64,862
20180412,Influencer,1418.14,910
20180413,Influencer,1551.36,1364
20180414,Influencer,1211.78,765
20180415,Influencer,1340.87,701
20180416,Influencer,1320.0,925
20180417,Influencer,1625.36,1120
20180418,Influencer,1507.83,1088
20180419,Influencer,1470.33,1033
20180420,Influencer,1267.16,932
20180421,Influencer,1288.26,700
20180422,Influencer,1526.27,1038
20180423,Influencer,1653.61,1108
20180424,Influencer,1628.3,1175
20180425,Influencer,1532.27,1080
20180426,Influencer,1299.27,792
20180427,Influencer,1428.3,1116
20180428,Influencer,1310.32,902
20180429,Influencer,1727.57,1164
20180430,Influencer,1758.78,965
20180501,Influencer,1525.64,1079
20180502,Influencer,1546.44,937
20180503,Influencer,1453.0,1031
20180504,Influencer,1499.94,997
20180505,Influencer,1316.43,909
20180506,Influencer,1459.23,958
20180507,Influencer,1681.41,1214
20180508,Influencer,1365.42,895
20180509,Influencer,1405.4,1009
20180510,Influencer,1400.67,785
20180511,Influencer,1374.11,1023
20180512,Influencer,1040.46,743
20180513,Influencer,1578.96,918
20180514,Influencer,1934.43,1401
20180515,Influencer,1716.15,1267
20180516,Influencer,1585.22,1118
20180517,Influencer,1561.29,1001
20180518,Influencer,1384.21,941
20180519,Influencer,1289.51,838
20180520,Influencer,1439.25,980
20180521,Influencer,1832.53,1342
20180522,Influencer,1532.62,1182
20180523,Influencer,1390.44,910
20180524,Influencer,1437.92,878
20180525,Influencer,1406.71,1080
20180526,Influencer,1022.54,679
20180527,Influencer,1525.26,992
20180528,Influencer,1429.74,856
20180529,Influencer,1468.17,1073
20180530,Influencer,1279.16,787
20180531,Influencer,1647.76,1065
20180601,Influencer,1374.99,1137
20180602,Influencer,960.0,633
20180603,Influencer,1338.96,813
20180604,Influencer,1522.44,1033
20180605,Influencer,1513.48,894
20180606,Influencer,1505.63,992
20180607,Influencer,1437.37,906
20180608,Influencer,1378.83,778
20180609,Influencer,964.27,626
20180610,Influencer,1485.66,930
20180611,Influencer,1686.13,1038
20180612,Influencer,1362.98,905
20180613,Influencer,1389.06,930
20180614,Influencer,1407.78,904
20180615,Influencer,1626.0,1118
20180616,Influencer,1105.43,719
20180617,Influencer,1529.59,961
20180618,Influencer,1634.24,1163
20180619,Influencer,1449.07,938
20180620,Influencer,1543.05,908
20180621,Influencer,1437.01,899
20180622,Influencer,1502.95,997
20180623,Influencer,1289.76,807
20180624,Influencer,1589.3,1056
20180625,Influencer,1912.78,1120
20180626,Influencer,1563.01,941
20180627,Influencer,1452.51,918
20180628,Influencer,1527.36,1091
20180629,Influencer,1422.82,909
20180630,Influencer,1038.82,716
20180701,Influencer,1482.52,984
20180702,Influencer,1415.62,880
20180703,Influencer,1635.82,956
20180704,Influencer,1297.59,955
20180705,Influencer,1599.58,988
20180706,Influencer,1606.23,1503
20180707,Influencer,1358.0,809
20180708,Influencer,1464.63,1120
20180709,Influencer,1858.43,1280
20180710,Influencer,1330.52,929
20180711,Influencer,1398.82,810
20180712,Influencer,1266.51,712
20180713,Influencer,1423.02,926
20180714,Influencer,1104.0,645
20180715,Influencer,1800.0,1356
20180716,Influencer,1647.37,1405
20180717,Influencer,1633.56,991
20180718,Influencer,1527.42,1040
20180719,Influencer,1467.83,988
20180720,Influencer,1651.9,1007
20180721,Influencer,1088.64,753
20180722,Influencer,1722.61,1159
20180723,Influencer,1439.02,785
20180724,Influencer,1754.46,1169
20180725,Influencer,1530.07,1142
20180726,Influencer,1428.69,929
20180727,Influencer,1471.54,984
20180728,Influencer,1063.95,792
20180729,Influencer,1765.28,1162
20180730,Influencer,1757.8,1159
20180731,Influencer,1569.75,831
20180801,Influencer,1595.04,972
20180802,Influencer,1395.45,1073
20180803,Influencer,1781.4,1199
20180804,Influencer,1144.1,749
20180805,Influencer,1430.53,987
20180806,Influencer,1818.27,1162
20180807,Influencer,1331.51,874
20180808,Influencer,1665.69,1150
20180809,Influencer,1619.67,1040
20180810,Influencer,1327.64,844
20180811,Influencer,1120.23,805
20180812,Influencer,1308.82,872
20180813,Influencer,1437.55,972
20180814,Influencer,1694.08,1262
20180815,Influencer,1599.77,1166
20180816,Influencer,1436.18,1041
20180817,Influencer,1708.58,1164
20180818,Influencer,1259.42,833
20180819,Influencer,1509.93,900
20180820,Influencer,1484.34,1155
20180821,Influencer,1528.41,1116
20180822,Influencer,1242.96,809
20180823,Influencer,1548.36,1142
20180824,Influencer,1383.59,786
20180825,Influencer,1270.05,826
20180826,Influencer,1567.45,1044
20180827,Influencer,1878.9,1268
20180828,Influencer,1507.57,1054
20180829,Influencer,1392.84,952
20180830,Influencer,1386.2,1010
20180831,Influencer,1787.14,1185
